<odoo>
    <data>
<!--        <record id="ir_process_day_reset_token_seq" model="ir.cron">-->
<!--            <field name="name">Process Day Reset Token Sequence</field>-->
<!--            <field name="model_id" ref="model_pos_sequence"/>-->
<!--            <field eval="True" name="active" />-->
<!--            <field name="state">code</field>-->
<!--            <field name="code">model.reset_seq()</field>-->
<!--            <field name="interval_number">1</field>-->
<!--            <field name="interval_type">days</field>-->
<!--            <field name="numbercall">-1</field>-->
<!--            <field name="doall" eval="False"/>-->
<!--        </record>-->
    </data>
</odoo>