<?xml version="1.0" encoding="UTF-8"?>
<templates id="template" extend_id="point_of_sale.template">


    <t t-name="ShortcutTipsWidget">
        <div role="dialog" class="modal-dialog modal-dialog-shortcut-tips">
            <div class="popup popup-shortcut-tips" style="width:40%;height: 70%;">
                <header class="title">Shortcut Tips</header>
                <div class="body" style="height:75%;overflow-y:scroll;">
                    <h3>List of Hotkeys</h3>
                    <table class="shortcut-tips-table">
                        <tr width="100%">
                            <th>Shortcut Key</th><th>Action Description</th>
                        </tr>
                        <tr><td>Alt + c</td><td>Search a Customer </td></tr>
                        <tr><td>Alt + +</td><td>Create new order tab </td></tr>
                        <tr><td>Alt + -</td><td>jump to last tab </td></tr>
                        <tr><td> Alt + p</td><td>Search a product</td></tr>
                        <tr><td>Numeric Keys</td><td>Enter selected mode after selecting a product</td></tr>
                        <tr><td>Alt + q and numeric keys</td><td>Select quantity mode for numpad</td></tr>
                        <tr><td>Alt + d and numeric keys</td><td>Select discount mode for numpadt</td></tr>
                        <tr><td>Alt + F </td><td>Final Bill</td></tr>

                    </table>

                </div>
                <footer class="footer">
                    <div class="button cancel">
                        Cancel
                    </div>
                </footer>
            </div>
       </div>
    </t>

        <t t-extend="NumpadWidget">
		<t t-jquery=".numpad" t-operation="after">
			<span class="control-button" id="shortcut_tips_btn" style="width: 384px;margin-right: 5px;margin-top: -8px;">
				<i class='fa fa-info-circle' style="font-size:24px;"/> Shortcut Tips (F2)
			</span>
		</t>
	</t>

</templates>