<odoo>
    <data>
        <record id="ir_connect_db_external" model="ir.cron">
            <field name="name">Maintain custom POS logins Job</field>
            <field name="model_id" ref="model_db_connects"/>
            <field eval="True" name="active" />
            <field name="state">code</field>
            <field name="code">model.connect_external_db()</field>
            <field name="interval_number">5</field>
            <field name="interval_type">minutes</field>
            <field name="numbercall">-1</field>
            <field name="doall" eval="False"/>
        </record>
    </data>
</odoo>