<templates id="template" xml:space="preserve">

    <t t-name="save_button">
        <span class="control-button js_save_button">
            <i class="fa fa-floppy-o"/>
            Save Order
        </span>
    </t>

    <t t-name="message_button">
        <div class='control-button js_message_button'>
            <i class='fa fa-info-circle'/>
            Instructions
        </div>
    </t>
    <t t-name="MessageScreenWidget">
<!--        <style>-->
<!--            .highlights{-->
<!--             background-color: rgb(110,200,155);-->

<!--            }-->
<!--            .lowlights{-->
<!--             background-color: rgb(240,238,238);-->

<!--            }-->

<!--        </style>-->
        <div class="messagelist-screen screen">
            <div class="screen-content">
                <section class="top-content">
                    <span class='button back'>
                        <i class='fa fa-angle-double-left'/>
                        Back
                    </span>
                    <span class='button  highlight confirm' style="margin-left: 35%;">
                        <i class='fa fa-check'/>
                        Confirm
                    </span>


                </section>
                <section class="full-content" style="overflow-y:auto;">
                    <div class='window'>
                        <section class='subwindow collapsed'>
                            <div class='subwindow-container collapsed'>
                                <div class='subwindow-container-fix client-details-contents'>
                                </div>
                            </div>
                        </section>
                        <section class='subwindow'>
                            <div class='subwindow-container'>
                                <div class='subwindow-container-fix touch-scrollable scrollable-y'
                                     style="font-size: medium;">
                                    <table class='message-list  scrollable-y'
                                           style=" border-collapse: collapse; border-spacing: 0;width: 100%;border: 1px solid #ddd; overflow-y: scroll; ">
                                        <thead style="text-align: left; padding: 16px;  border-bottom:1px solid #ddd;">
                                            <tr style="text-align: left; padding: 16px;">
                                                <th style="text-align: center; padding: 16px; border: solid 0.5px;">Instructions</th>
<!--                                                <th style="text-align: center; padding: 16px; border: solid 0.5px;">Action</th>-->
                                            </tr>
                                        </thead>
                                        <tbody class='messages-list-contents' style="text-align: center; ">
                                        </tbody>
                                    </table>
                                </div>
                            </div>
                        </section>
                    </div>
                </section>
            </div>
        </div>
    </t>
    <t t-name="Messages">
        <t t-set="indexCounter" t-value="0"/>
        <tr class='Messages-option-line' t-att-data-id='msg.msg_text'
            style="text-align: left; border-bottom: 1px solid #ddd;">
            <td style="text-align: center; padding: 10px;"><t t-esc='msg.msg_text' /></td>
<!--            <td style="text-align: center; padding: 10px;"><input name="check-message" type="checkbox" t-att-data-id='msg.id' t-att-data-message='msg.msg_text' style="zoom: 1.5"/></td>-->
            <t t-set="indexCounter" t-value="indexCounter+1"/>
        </tr>
    </t>


    <t t-name="customer_points_redeem_button">
        <div class='control-button js_customer_points'>
            <i class='fa fa-star'/>
            Points Redeem
        </div>
    </t>

    <t t-name="Redemption_Popup_POS">
        <div class="modal-dialog">
            <div class="popup">
                <div class="title">Point Redemption Popup</div>
                <div class="inscreen-messages-body">
                    <div class="redemption-title">
                     Redeem Points ?
                    </div>
                    <div class="content-container container-redemption-list" style="overflow: scroll;height: 256px;">
                        <div class="tab-controls" style=" font-size: medium;">
                            <div class="button all-select" style="width: 45%;">All Products</div>
                            <div class="button ol-select" style="width: 45%;">Orderline Products</div>
                        </div>
                        <table class="redemption-list"
                               style=" font-size: medium; border-collapse: collapse; border-spacing: 0;width: 100%;border: 1px solid #ddd; overflow-y: scroll; ">
                        <thead>
                            <tr style="text-align: left; padding: 16px; border-bottom:0.5px solid;">
                                <th style="text-align: center; padding: 16px; ">Check Box</th>
                                <th style="text-align: center; padding: 16px;">Product name</th>
                                <th style="text-align: center; padding: 16px;">Pts</th>
                            </tr>
                        </thead>
                            <tbody class='redemption-list-contents' style="text-align: left; padding: 16px;"/>
                  </table>
                </div>
                    <div class="footer">
                    <div class="button done-select">Done</div>
                        <div class="button cancel">Cancel</div>
                </div>
            </div>
        </div>
        </div>
    </t>
    <t t-name="RedemptionAllProduct">
        <t t-set="indexCounter" t-value="0"/>
        <tr class='Redemption-product-line' t-att-data-id='products.id' style="text-align: center">
            <td><input name="check-product" type="checkbox" t-att-data-id='products.id' t-att-data-productname='products.display_name'/></td>
            <td style=" padding: 14px;"><t t-esc='products.display_name' /></td>
            <td style=" padding: 14px;"><t t-esc='products.redeem_points' /></td>
        </tr>
    </t>
    <t t-name="RedemptionSelectProduct">
        <t t-set="indexCounter" t-value="0"/>
        <tr class='Redemption-product-line' t-att-data-id='products.product.id' style="text-align: center">
            <td><input name="check-product" type="checkbox" t-att-data-id='products.product.id' t-att-data-productname='products.product.display_name'/></td>
            <td style=" padding: 14px;"><t t-esc='products.product.display_name' /></td>
            <td style=" padding: 14px;"><t t-esc='products.product.redeem_points' /></td>
        </tr>
    </t>

    <t t-name="Ordertype_Popup_POS">
        <div class="modal-dialog">
            <div class="popup">
                <div class="title">Choose Order Type</div>
                <div class="inscreen-messages-body">
                     <div class="message-title">
                      Order Type Selection
                     </div>
                    <div class="content-container container-message-list" style="overflow: scroll;height: 256px;">
                    <table class="messages-list"
                           style=" font-size: medium; border-collapse: collapse; border-spacing: 0;width: 100%;border: 1px solid #ddd; overflow-y: scroll; ">
                        <thead>
                         <tr style="text-align: left; padding: 16px;">
                            <th style="text-align: center; padding: 16px; ">Radio</th>
                             <th style="text-align: center; padding: 16px;">Order Type</th>
                         </tr>
                        </thead>
                        <tbody>
                            <tr><td><input type="radio" id="walkout" name="ordertype" value="walkout"/></td>
                                <td><label for="walkout">Walk out</label></td></tr>
                            <tr><td><input type="radio" id="straightcar" name="ordertype" value="straightcar"/></td>
                                <td><label for="straightcar">Straight Car</label></td></tr>
                        </tbody>
                  </table>
                </div>
                    <div class="footer">
                    <div class="button done-select">Done</div>
                </div>
            </div>
        </div>
        </div>
    </t>

    <t t-name="Message_Popup_POS">
        <div class="modal-dialog">
            <div class="popup">
                <div class="title">Messages</div>
                <div class="inscreen-messages-body">
                     <div class="message-title">
                       Message Selection
                     </div>
                    <div class="content-container container-message-list" style="overflow: scroll;height: 256px;">
                    <table class="messages-list"
                           style=" font-size: medium; border-collapse: collapse; border-spacing: 0;width: 100%;border: 1px solid #ddd; overflow-y: scroll; ">
                        <thead>
                         <tr style="text-align: left; padding: 16px;">
                            <th style="text-align: center; padding: 16px; ">Check Box</th>
                             <th style="text-align: center; padding: 16px;">Message</th>
                         </tr>
                        </thead>
                        <tbody class='messages-list-contents' style="text-align: left; padding: 16px;"></tbody>
                  </table>
                </div>
                    <div class="footer">
                    <div class="button done-select">Done</div>
                        <div class="button cancel">Cancel</div>
                </div>
            </div>
        </div>
        </div>
    </t>
    <t t-name="Message">
        <t t-set="indexCounter" t-value="0"/>
        <tr class='Messages-option-line' t-att-data-id='msg.id' style="text-align: center">
            <td><input name="check-message" type="checkbox" t-att-data-id='msg.id' t-att-data-message='msg.msg_text'/></td>
            <td style=" padding: 14px;"><t t-esc='msg.msg_text' /></td>
        </tr>
    </t>

    <t t-name="Ingredient_Popup_POS">
        <div class="modal-dialog">
            <div class="popup">
                <div class="title">Ingredients</div>
                <div class="int-product-body">
                     <div class="ingredient-title">
                       Ingredients Selection
                     </div>
                    <div class="content-container container-ingredient-list" style="overflow: scroll;height: 256px;">
                    <table class="ingredients-list"
                           style=" font-size: medium; border-collapse: collapse; border-spacing: 0;width: 100%;border: 1px solid #ddd; overflow-y: scroll; ">
                        <thead>
                         <tr style="text-align: left; padding: 16px;">
                            <th style="text-align: center; padding: 16px; ">Check Box</th>
                             <th style="text-align: center; padding: 16px;">Product name</th>
                         </tr>
                        </thead>
                        <tbody class='ingredients-list-contents' style="text-align: left; padding: 16px;"></tbody>
                  </table>
                </div>
                    <div class="footer">
                    <div class="button done-select">Done</div>
                        <div class="button cancel">Cancel</div>
                </div>
            </div>
        </div>
        </div>
    </t>
    <t t-name="IngredientsProduct">
        <t t-set="indexCounter" t-value="0"/>
        <tr class='Ingredients-product-line' t-att-data-id='products.id' style="text-align: center">
            <td><input name="check-ingredient" type="checkbox" t-att-data-id='products.id' t-att-data-productname='products.display_name'/></td>
            <td style=" padding: 14px;"><t t-esc='products.display_name' /></td>
        </tr>
    </t>

    <t t-extend="ClientDetails">
        <t t-jquery=".client-details-right" t-operation="append">
             <div class='client-detail'>
                 <span class='label'>Points</span>
                 <t t-if='partner.points_earned'>
                     <span class='detail client-points'><t t-esc='partner.points_earned' /></span>
                 </t>
                 <t t-if='!partner.points_earned'>
                     <span class='detail client-points empty'>N/A</span>
                 </t>
             </div>
        </t>
    </t>
    <t t-extend="ClientDetailsEdit">
        <t t-jquery=".client-details-right" t-operation="append">
             <div class='client-detail'>
                 <span class='label'>Points</span>
                 <input class='detail client-points' name='points_earned'
                        t-att-value='partner.points_earned || ""'/>

             </div>
        </t>
    </t>
    <t t-extend="ClientListScreenWidget">
        <t t-jquery=".client-list thead tr" t-operation="replace">
             <tr>
                 <th>Name</th>
                 <th>Phone</th>
                 <th>Points</th>
                 <th>Address</th>
                 <th>Car #</th>
             </tr>
        </t>
        <t t-jquery=".searchbox input:first" t-operation="replace">
            <input placeholder='Search Customers' autocomplete="off"/>
        </t>
    </t>
    <t t-extend="ClientLine">
        <t t-jquery="tr" t-operation="replace">
            <tr class='client-line' t-att-data-id='partner.id'>
                <td><t t-esc='partner.name' /></td>
                <td><t t-esc='partner.phone or partner.mobile or ""' /></td>
                <td><t t-esc='partner.points_earned' /></td>
                <td><t t-esc='partner.address' /></td>
                <td><t t-esc='partner.car_num or ""' /></td>
             </tr>

        </t>
    </t>

    <t t-extend="Orderline">
        <t t-jquery=".info-list" t-operation="append">
            <t t-if="line.product.reward_points > 0">
                <li class="info orderline-note">
                    <i class='fa fa-star' role="img" aria-label="Points" title="Points"/>
                    <span>Points per unit :</span>
                    <t t-esc="line.product.reward_points"/>
                </li>
            </t>
            <t t-if="line.message">
                <li class="info orderline-note">
                    <i class='fa fa-info-circle' role="img" aria-label="Messages" title="Messages"/>
                    <t t-esc="line.message"/>
                </li>
             </t>
        </t>
    </t>
    <t t-extend="OrderWidget">
        <t t-jquery=".subentry" t-operation="after">
          <div class='subentry'>Available Points: <span class="customer_value">0</span></div>
            <div class='subentry'>Redeem Points: <span class="redeem_point_value">0</span></div>
            <div class='subentry'>Earned Points: <span class="point_value">0</span></div>


        </t>

    </t>

    <t t-name="order_type_dropdown">
        <div class='control-button altlight  js_order_type_dropdown'>
            <label> <i class='fa fa-shopping-cart'/>
                Order Type : </label>
            <select class="order_type">
                <option value="drivethru">Drive-Thru</option>
                <option value='walkout'>Walk out</option>
                <option value='straightcar'>Straight Car</option>
            </select>

        </div>
    </t>

    <t t-extend="PaymentScreenWidget">
            <t t-jquery=".payment-buttons" t-operation="append">
                <div style="background: #F0EEEE; border:none; pointer-events: none; " class='button js_set_points'>
                    <i class='fa fa-star' title="Earned Points"/>
                    <span class='js_points'>
                                <t t-if="widget.pos.get_order()">
                                  Earned Points    <t t-esc="widget.pos.get_order().get_total_points()"/>
                                </t>
                        <t t-if="!widget.pos.get_order()">
                                    No points
                                </t>
                            </span>
                </div>
             </t>
        <t t-jquery=".payment-buttons" t-operation="append">
                <div style="background: #F0EEEE; border:none; pointer-events: none; " class='button js_set_points'>
                    <i class='fa fa-handshake-o' title="Redeem Points"/>
                    <span class='js_redeem_points'>
                                <t t-if="widget.pos.get_order()">
                                   Redeem Points   <t t-esc="widget.pos.get_order().get_total_redeem_points()"/>
                                </t>
                        <t t-if="!widget.pos.get_order()">
                                    No points
                                </t>
                            </span>
                </div>
             </t>
        </t>


    <t t-name="OrderQueueScreenWidget">
        <div class="orderqueuelist-screen screen">
            <div class="screen-content">
                <section class="top-content">
                    <span class='button back'>
                        <i class='fa fa-angle-double-left'/>
                        Cancel
                    </span>
                </section>
                <section class="full-content">
                    <div class='window'>
                        <section class='subwindow collapsed'>
                            <div class='subwindow-container collapsed'>
                                <div class='subwindow-container-fix client-details-contents'>
                                </div>
                            </div>
                        </section>
                        <section class='subwindow'>
                            <div class='subwindow-container'>
                                <div class='subwindow-container-fix touch-scrollable scrollable-y'
                                     style="overflow-y: scrollable; width:100%; height:400px ;">
                                    <table class='orderqueue-list'>
                                        <thead>
                                            <tr>
                                                <th>Token Number</th>
                                                <th>Customer Name</th>
                                                <th>Order Number</th>
                                                <th>Status</th>
                                            </tr>
                                        </thead>
                                        <tbody class='orderqueue-list-contents'>
                                        </tbody>
                                    </table>
                                </div>
                            </div>
                        </section>
                    </div>
                </section>
            </div>
        </div>
</t>

    <t t-name="PosOrderQueueLine">
        <tr class='orderqueue-line' t-att-data-id='order.id'>
            <td><t t-esc='order.token_number' /></td>
            <td>
                <t t-if="order.get_client()">
                    <t t-esc="order.get_client().name"/>
                </t>
                <t t-if="!order.get_client()">
                        Customer : <t t-esc="order.cid"/>
                    </t>
             </td>
            <td><t t-esc='order.name' /></td>
            <td><t t-esc='order.order_progress'/></td>

        </tr>
    </t>

    <t t-extend="OrderReceipt">
        <t t-jquery=".orderlines" t-operation="after">
<!--           <t t-if="widget.pos.get_order().orderlines.models.message">-->
            <div style="border: 1px solid;">
                <b> Message : </b>
                <br/>
                <table>
                <t t-foreach='widget.pos.get_order().orderlines.models' t-as='line'>
                    <t t-esc="line.product.display_name"/>
                    =
                    <t t-if="line.message">
                         <t t-esc="line.message"/>
                    </t>
                    <br/>

                </t>
             </table>
           </div>
            <!--               </t>-->
        </t>
    </t>


    <t t-extend="ClientDetails">
        <t t-jquery=".client-details-right" t-operation="append">
             <div class='client-detail'>
                 <span class='label'>Car #</span>
                 <t t-if='partner.car_num'>
                     <span class='detail client-points'><t t-esc='partner.car_num' /></span>
                 </t>
                 <t t-if='!partner.car_num'>
                     <span class='detail client-points empty'>N/A</span>
                 </t>
             </div>
        </t>
    </t>
    <t t-extend="ClientDetailsEdit">
        <t t-jquery=".client-details-right" t-operation="append">
             <div class='client-detail'>
                 <span class='label'>Car #</span>
                 <input class='detail client-points' name='car_num'
                        t-att-value='partner.car_num || ""'/>

             </div>
        </t>
    </t>

    <t t-extend="ProductListWidget">
        <t t-jquery=".product-list-container" t-operation="replace">
            <div class='product-list-container'>
            <div class="product-list-scroller touch-scrollable">
                <t t-if="widget.product_list.length != 0">
                    <div class="product-list" style="padding:0%; font-size: 13px; font-weight: bolder;">
                    </div>
                </t>
                <t t-else="">
                    <div class="product-list-empty">
                        <t t-if="widget.product_list.length == 0 &amp;&amp; !!widget.search_word">
                            <p>No results found for "<b t-esc="widget.search_word"></b>".</p>
                        </t>
                        <t t-else="">
                            <p>There are no products in this category.</p>
                        </t>
                    </div>
                </t>
            </div>
            <span class="placeholder-ScrollbarWidget" />
        </div>
        </t>
      </t>



    <t t-extend="ProductScreenWidget">
            <t t-jquery=".rightpane" t-operation="replace">
                    <div class="rightpane">
                    <table class="layout-table">

                        <tr class="header-row">
                            <td class="header-cell">
                                <span class="placeholder-ProductCategoriesWidget" />
                            </td>
                        </tr>

                        <tr class="content-row">
                            <td class="content-cell" style="  position: relative;">
                                <div class="content-container" style="left: 0; right: 34%; position: absolute;top: 0;">
                                    <span class="placeholder-ProductListWidget" />
                                </div>
                                <div class="ingredient-container" style="   border-left: solid 1px #CECBCB;border-left: solid 3px #787878;position: absolute; top: 0;bottom: 0; left: 66%;right: 0%;">
                                    <span class="placeholder-IngredientListWidget"/>
                                </div>
                            </td>
                        </tr>

                    </table>
                    </div>
            </t>
        </t>


    <t t-extend="ProductCategoriesWidget">
       <t t-jquery=".breadcrumbs" t-operation="replace">
            <div class="breadcrumbs">
                <span class="breadcrumb">

                </span>
            </div>
       </t>
    </t>

<!--    <t t-extend="CategoryButton">-->
<!--        <t t-jquery=".js-category-switch" t-operation="replace">-->
<!--        <t t-if="category.id != 7">-->
<!--            <span class='category-button js-category-switch' t-att-data-category-id="category.id" >-->
<!--                <div class="category-img">-->
<!--                    <img t-att-src="image_url" alt="Category"/>-->
<!--                </div>-->
<!--                <div class="category-name">-->
<!--                    <t t-esc="category.name"/>-->
<!--                </div>-->
<!--            </span>-->
<!--        </t>-->
<!--    </t>-->
<!--    </t>-->

    <t t-extend="CategorySimpleButton">
         <t t-jquery=".js-category-switch" t-operation="replace">
             <t t-set="id" t-value="category.name"/>
             <t t-if ="id == 'Ingredient'">
            <span class='category-simple-button js-category-switch' t-att-data-category-id="category.id" style="display:none" >
                <t t-esc="category.name"/>
            </span>
              </t>
              <t t-elif ="id == 'ingredient'">
            <span class='category-simple-button js-category-switch' t-att-data-category-id="category.id" style="display:none" >
                <t t-esc="category.name"/>
            </span>
              </t>
              <t t-else="">
            <span class='category-simple-button js-category-switch' t-att-data-category-id="category.id"  >
                <t t-esc="category.name"/>
            </span>
              </t>
         </t>
    </t>


    <t t-extend="Chrome">
        <t t-jquery=".pos-branding" t-operation="replace">
            <div class="pos-branding">
              <img class="pos-logo" src="/pos_order_points/static/src/img/logo.png" alt="Logo"/>
            </div>
        </t>
    </t>




</templates>

