<?xml version="1.0" encoding="UTF-8"?>
<templates id="templateR" xml:space="preserve">
    <t t-name="PosTicket2">
        <div class="pos-sale-ticket" style="text-align: center;">
            ----------------------------------------------------------------------------------------------------------------
            <div class="pos-receipt-center-align" style="font-size:60px;font-weight:bold;">  <t t-esc="Token"/></div>
            <div class="pos-receipt-center-align"><t t-esc="CurrentOrder"/></div>
            ----------------------------------------------------------------------------------------------------------------
            <div class='pos-receipt-center-align'>
                <table  style="margin-left: auto; margin-right: auto;">
                <t t-foreach='token_orderlines' t-as='line'>
                   <tr>
                       <td><t t-esc="line.product.display_name"/></td>
                       <td>-</td>
                       <td><t t-esc="line.quantity"/></td>
                   </tr>
                </t>
                </table>
            </div>
            ----------------------------------------------------------------------------------------------------------------
            <div style="padding:10px; column-count: 2; column-gap: 1;">
                <div class="pos-receipt-center-align"> Creation time : <t t-esc="moment(c_time).format('hh:mm')"/> </div>
                <div class="pos-receipt-center-align">Order Type : <t t-if="order_type == 'drivethru'"><span>Drive thru</span></t><t t-if="order_type == 'walkout'"><span>Walk out</span></t> </div>
            </div>

        </div>
    </t>
</templates>