<templates id="template" xml:space="preserve">

    <t t-name="token_button">
        <span class="control-button js_token_button">
            <i class="fa fa-file"/>
            Generate Token
        </span>
    </t>

    <t t-name="print_button">
        <span class='control-button js_print_button'>
            <i class='fa fa-print'/>
            Print Token
        </span>
    </t>
    <t t-name="serve_button">
        <span class='control-button js_serve_button'>
            <i class='fa fa-cutlery'/>
            Order Served
        </span>
    </t>
    <t t-name="orderqueue_button">
        <span class='control-button js_orderqueue_button'>
            <i class='fa fa-clone'/>
            Order Queue
        </span>
    </t>
     <t t-name="order_type_dropdown">
        <div class='control-button altlight  js_order_type_dropdown'>
            <label> <i class='fa fa-shopping-cart'/>
              Order Type : </label>
            <select class="order_type">
                <option value="">Choose one</option>
                <option value='dine_in'>Dine In</option>
                <option value='delivery'>Delivery</option>
                <option value='takeaway'>Take Away</option>
            </select>

        </div>
    </t>

    <t t-name="time_estimate_order_dropdown">
        <div class='control-button altlight  js_estimate_time_dropdown'>
            <label> <i class='fa fa-clock-o'/>
               Serves in : </label>
            <select class="time_estimate_order">
            <option value="">Choose one</option>
                <option value='5 mins'>5 minutes</option>
                <option value='10 mins'>10 minutes</option>
                <option value='15 mins'>15 minutes</option>
                <option value='20 mins'>20 minutes</option>
                <option value='30 mins'>30 minutes</option>
                <option value='45 mins'>45 minutes</option>
                <option value='60 mins'>60 minutes</option>
                <option value='90 mins'>90 minutes</option>

        </select>
            <sub style="font-size: 09px;">( approx. )</sub>
        </div>
    </t>

    <t t-extend="PaymentScreenWidget">
        <t t-jquery="t[t-if='widget.pos.config.module_account']" t-operation="after">
            <div class='button js_token_value'>
                <i class='fa fa-file'/>
                Token value
            </div>
        </t>
    </t>

    <t t-name="OrderQueueScreenWidget">
        <div class="orderqueuelist-screen screen">
            <div class="screen-content">
                <section class="top-content">
                    <span class='button back'>
                        <i class='fa fa-angle-double-left'/>
                        Cancel
                    </span>
                </section>
                <section class="full-content">
                    <div class='window'>
                        <section class='subwindow collapsed'>
                            <div class='subwindow-container collapsed'>
                                <div class='subwindow-container-fix client-details-contents'>
                                </div>
                            </div>
                        </section>
                        <section class='subwindow'>
                            <div class='subwindow-container'>
                                <div class='subwindow-container-fix touch-scrollable scrollable-y'
                                     style="overflow-y: scrollable; width:100%; height:400px ;">
                                    <table class='orderqueue-list'>
                                        <thead>
                                            <tr>
                                                <th>Token Number</th>
                                                <th>Customer Name</th>
                                                <th>Order Number</th>
                                                <th>Estimated Time</th>
                                                <th>Status</th>
                                            </tr>
                                        </thead>
                                        <tbody class='orderqueue-list-contents'>
                                        </tbody>
                                    </table>
                                </div>
                            </div>
                        </section>
                    </div>
                </section>
            </div>
        </div>
</t>
    <t t-name="PosOrderQueueLine">
        <tr class='orderqueue-line' t-att-data-id='order.id'>
            <td><t t-esc='order.token_number' /></td>
            <td>
                <t t-if="order.get_client()">
                    <t t-esc="order.get_client().name"/>
                </t>
                <t t-if="!order.get_client()">
                        Customer : <t t-esc="order.cid"/>
                    </t>
             </td>
            <td><t t-esc='order.name' /></td>
            <td><t t-esc='order.est_time' /></td>
            <td><t t-esc='order.order_progress'/></td>

        </tr>
    </t>
</templates>

