<templates id="template" xml:space="preserve">


    <t t-name="ordersqueue_button">
        <span class='control-button js_ordersqueue_button'>
            <i class='fa fa-money'/>
            Recall Bill
        </span>
    </t>

    <t t-name="OrdersQueueScreenWidget">
        <div class="orderqueuelist-screen screen">
            <div class="screen-content">
                <section class="top-content">
                    <span class='button back'>
                        <i class='fa fa-angle-double-left'/>
                        Back
                    </span>

                </section>
                <section class="full-content" style="overflow-y:auto;">
                    <div class='window'>
                        <section class='subwindow collapsed'>
                            <div class='subwindow-container collapsed'>
                                <div class='subwindow-container-fix client-details-contents'>
                                </div>
                            </div>
                        </section>
                        <section class='subwindow'>
                            <div class='subwindow-container'>
                                <div class='subwindow-container-fix touch-scrollable scrollable-y' style="font-size: medium;">
                                    <table class='orderqueue-list  scrollable-y' style=" border-collapse: collapse; border-spacing: 0;width: 100%;border: 1px solid #ddd; overflow-y: scroll; ">
                                        <thead style="text-align: left; padding: 16px;  border-bottom:1px solid #ddd;">
                                            <tr style="text-align: left; padding: 16px;">
                                                <th style="text-align: left; padding: 16px;">Order Ref</th>
                                                <th style="text-align: left; padding: 16px;" >Customer Name</th>
                                                <th style="text-align: left; padding: 16px;" >Date</th>
                                                <th style="text-align: left; padding: 16px;" >Product Ordered</th>
                                                <th style="text-align: left; padding: 16px;" >Action</th>
                                            </tr>
                                        </thead>
                                        <tbody class='ordersqueue-list-contents' style="text-align: left; padding: 16px;">
                                        </tbody>
                                    </table>
                                </div>
                            </div>
                        </section>
                    </div>
                </section>
            </div>
        </div>
</t>

    <t t-name="PosOrdersQueueLine">
        <t t-set="indexCounter" t-value="0"/>
        <tr class='ordersqueue-line' t-att-data-id='order.id' style="text-align: left; padding: 14px; border-bottom: 1px solid #ddd;">
            <td style="text-align: left; padding: 14px;"><t t-esc='order.name' /></td>
            <td style="text-align: left; padding: 14px;"><t t-esc='order.customer_name'/></td>
            <td style="text-align: left; padding: 14px;"><t t-esc='order.dates' /></td>
            <td style="text-align: left; padding: 14px;"><t t-esc='order.items' /></td>
            <td style="text-align: left; padding: 14px;">
                <span class="button highlight set-default-order" style="border-radius: 3px;text-align: center;cursor: pointer;display: block;padding: 5px;"
                      t-att-data-id='order.id' t-att-data-ordername='order.name'>
                    Select
                </span>
            </td>
            <t t-set="indexCounter" t-value="indexCounter+1"/>
        </tr>
    </t>
</templates>

