<odoo>
  <record id="module_shopify_connector_category" model="ir.module.category">
    <field name="name">Shopify Connector</field>
  </record>

  <record id="shopify_connector_group_user" model="res.groups">
    <field name="name">User</field>
    <field name="category_id" ref="module_shopify_connector_category"/>
    <field name="implied_ids" eval="[(4, ref('base.group_user'))]"/>
  </record>

  <record id="shopify_connector_group_manager" model="res.groups">
    <field name="name">Manager</field>
    <field name="category_id" ref="module_shopify_connector_category"/>
    <field name="implied_ids" eval="[(4, ref('shopify_connector_group_user'))]"/>
    <field name="users" eval="[(4, ref('base.user_root')), (4, ref('base.user_admin'))]"/>
  </record>
</odoo>
