<odoo>
    <data>
        <record id="ir_sync_shopify_orders" model="ir.cron">
            <field name="name">Shopify Integration Job</field>
            <field name="model_id" ref="model_sale_order"/>
            <field eval="True" name="active" />
            <field name="state">code</field>
            <field name="code">model.get_specific_order()</field>
            <field name="interval_number">30</field>
            <field name="interval_type">minutes</field>
            <field name="numbercall">-1</field>
            <field name="doall" eval="False"/>
        </record>
    </data>
</odoo>