<templates id="template" xml:space="preserve">

    <t t-name="worker_select_dropdown">
        <div class='control-button altlight  js_worker_select_dropdown'>
            <label> <i class='fa fa-user'/>
                Worker : </label>
            <select class="worker_select">
                <option value=""> None </option>
                <t t-foreach='widget.pos.workers' t-as='worker'>
                    <option t-att-value='worker.id'>
                        <t t-esc='worker.salesmen_name'/>
                    </option>

                 </t>
            </select>

        </div>
    </t>
    <t t-extend="PosTicket1">
             <t t-jquery='.car_readings' t-operation='prepend'>
                 <div style="">
                       <div style="border: 1px solid;width:50%;float:right"><b>Worker :</b>
                            <br/>
                           <t t-if="order_data" >
                            <t t-raw="order_data.worker_name"/>
                           </t>
                           <t t-if="widget.pos.get_order()" >
                            <t t-raw="widget.pos.get_order().worker_name"/>
                           </t>
                        </div>
                 </div>
             </t>
        </t>



</templates>

